,textDisplay,CaseFolding,TextClean,Tokenizing,Normalization,Stopwords
0,Trims,trims,trims,['trims'],['terimakasih'],['terimakasih']
1,cara nyimpan gamenya gimanaaa??????,cara nyimpan gamenya gimanaaa??????,cara nyimpan gamenya gimanaaa,"['cara', 'nyimpan', 'gamenya', 'gimanaaa']","['cara', 'nyimpan', 'gamenya', 'gimana']","['nyimpan', 'gamenya', 'gimana']"
2,Save world,save world,save world,"['save', 'world']","['save', 'world']","['save', 'world']"
3,bagus,bagus,bagus,['bagus'],['bagus'],['bagus']
4,"Subscribe balik ya boss, thanks","subscribe balik ya boss, thanks",subscribe balik ya boss thanks,"['subscribe', 'balik', 'ya', 'boss', 'thanks']","['subscribe', 'balik', 'ya', 'boss', 'terimakasih']","['subscribe', 'boss', 'terimakasih']"
5,Itu musinya apa namanya,itu musinya apa namanya,itu musinya apa namanya,"['itu', 'musinya', 'apa', 'namanya']","['itu', 'musiknya', 'apa', 'namanya']","['musiknya', 'namanya']"
6,Ijin share ya.. terima kasih..,ijin share ya.. terima kasih..,ijin share ya terima kasih,"['ijin', 'share', 'ya', 'terima', 'kasih']","['izin', 'share', 'ya', 'terima', 'kasih']","['izin', 'share', 'terima', 'kasih']"
7,Nambah ilmu.terimakasih.barakallah,nambah ilmu.terimakasih.barakallah,nambah ilmuterimakasihbarakallah,"['nambah', 'ilmuterimakasihbarakallah']","['bertambah', 'ilmuterimakasihbarakallah']","['bertambah', 'ilmuterimakasihbarakallah']"
8,Keren ilmunya makasih Sudan menambah imu...,keren ilmunya makasih sudan menambah imu...,keren ilmunya makasih sudan menambah imu,"['keren', 'ilmunya', 'makasih', 'sudan', 'menambah', 'imu']","['keren', 'ilmunya', 'terimakasih', 'sudan', 'menambah', 'imu']","['keren', 'ilmunya', 'terimakasih', 'sudan', 'menambah', 'imu']"
9,MANTAP ILMUNYA SANGAT BERMANPAAT BAGI SY .THANKS,mantap ilmunya sangat bermanpaat bagi sy .thanks,mantap ilmunya sangat bermanpaat bagi sy thanks,"['mantap', 'ilmunya', 'sangat', 'bermanpaat', 'bagi', 'sy', 'thanks']","['mantap', 'ilmunya', 'sangat', 'bermanpaat', 'bagi', 'saya', 'terimakasih']","['mantap', 'ilmunya', 'bermanpaat', 'terimakasih']"
10,thanks,thanks,thanks,['thanks'],['terimakasih'],['terimakasih']
11,Kalo yang tanpa mendeley gimana yah caranya???? Pilihan di type of sourcenya yang mana yah? Mohon di bantu... terimakasih...,kalo yang tanpa mendeley gimana yah caranya???? pilihan di type of sourcenya yang mana yah? mohon di bantu... terimakasih...,kalo yang tanpa mendeley gimana yah caranya pilihan di type of sourcenya yang mana yah mohon di bantu terimakasih,"['kalo', 'yang', 'tanpa', 'mendeley', 'gimana', 'yah', 'caranya', 'pilihan', 'di', 'type', 'of', 'sourcenya', 'yang', 'mana', 'yah', 'mohon', 'di', 'bantu', 'terimakasih']","['kalo', 'yang', 'tanpa', 'mendeley', 'bagaimana', 'ya', 'caranya', 'pilihan', 'di', 'type', 'of', 'sourcenya', 'yang', 'mana', 'ya', 'mohon', 'di', 'bantu', 'terimakasih']","['mendeley', 'pilihan', 'type', 'of', 'sourcenya', 'mohon', 'bantu', 'terimakasih']"
12,binggung sendiri<br>PIVOT POWER<br>PIVOT TABEL<br>GRAFIK,binggung sendiri<br>pivot power<br>pivot tabel<br>grafik,binggung sendiribrpivot powerbrpivot tabelbrgrafik,"['binggung', 'sendiribrpivot', 'powerbrpivot', 'tabelbrgrafik']","['bingung', 'sendiribrpivot', 'powerbrpivot', 'tabelbrgrafik']","['bingung', 'sendiribrpivot', 'powerbrpivot', 'tabelbrgrafik']"
13,Apa bisa buat aplikasi database?,apa bisa buat aplikasi database?,apa bisa buat aplikasi database,"['apa', 'bisa', 'buat', 'aplikasi', 'database']","['apa', 'bisa', 'buat', 'aplikasi', 'database']","['aplikasi', 'database']"
14,"Bang minta saran dong kok ms word aku gabisa pdhl udh masukin akun tp tetep gabisa, minta saran dong apa aku yang gaptek yaa","bang minta saran dong kok ms word aku gabisa pdhl udh masukin akun tp tetep gabisa, minta saran dong apa aku yang gaptek yaa",bang minta saran dong kok ms word aku gabisa pdhl udh masukin akun tp tetep gabisa minta saran dong apa aku yang gaptek yaa,"['bang', 'minta', 'saran', 'dong', 'kok', 'ms', 'word', 'aku', 'gabisa', 'pdhl', 'udh', 'masukin', 'akun', 'tp', 'tetep', 'gabisa', 'minta', 'saran', 'dong', 'apa', 'aku', 'yang', 'gaptek', 'yaa']","['kakak', 'minta', 'saran', 'dong', 'kok', 'ms', 'word', 'aku', 'gabisa', 'padahal', 'sudah', 'masukin', 'akun', 'tapi', 'tetap', 'gabisa', 'minta', 'saran', 'dong', 'apa', 'aku', 'yang', 'gaptek', 'iya']","['kakak', 'saran', 'ms', 'word', 'gabisa', 'masukin', 'akun', 'gabisa', 'saran', 'gaptek', 'iya']"
15,Bang kalo template nya di ambil dari Google bisa ga,bang kalo template nya di ambil dari google bisa ga,bang kalo template nya di ambil dari google bisa ga,"['bang', 'kalo', 'template', 'nya', 'di', 'ambil', 'dari', 'google', 'bisa', 'ga']","['kakak', 'kalo', 'template', 'nya', 'di', 'ambil', 'dari', 'google', 'bisa', 'tidak']","['kakak', 'template', 'ambil', 'google']"
16,Berguna bgt buat org yg laptopnya gk support buat download Ps sama corel,berguna bgt buat org yg laptopnya gk support buat download ps sama corel,berguna bgt buat org yg laptopnya gk support buat download ps sama corel,"['berguna', 'bgt', 'buat', 'org', 'yg', 'laptopnya', 'gk', 'support', 'buat', 'download', 'ps', 'sama', 'corel']","['berguna', 'banget', 'buat', 'orang', 'yang', 'laptopnya', 'tidak', 'dukungan', 'buat', 'download', 'ps', 'sama', 'corel']","['berguna', 'banget', 'orang', 'laptopnya', 'dukungan', 'download', 'ps', 'corel']"
17,A0,a0,,[],[],[]
18,senangnya,senangnya,senangnya,['senangnya'],['senangnya'],['senangnya']
19,Kak pake data gak buat searching? Karna word aku gak bisa searching,kak pake data gak buat searching? karna word aku gak bisa searching,kak pake data gak buat searching karna word aku gak bisa searching,"['kak', 'pake', 'data', 'gak', 'buat', 'searching', 'karna', 'word', 'aku', 'gak', 'bisa', 'searching']","['kakak', 'pakai', 'data', 'tidak', 'buat', 'searching', 'karena', 'word', 'aku', 'tidak', 'bisa', 'searching']","['kakak', 'pakai', 'data', 'searching', 'word', 'searching']"
20,Gak guna,gak guna,gak guna,"['gak', 'guna']","['tidak', 'guna']",[]
21,"Kalo ngerasa nih video gak guna, trus ngapain lu tonton bambankk, hargailah karya seseorangğŸ˜’","kalo ngerasa nih video gak guna, trus ngapain lu tonton bambankk, hargailah karya seseorangğŸ˜’",kalo ngerasa nih video gak guna trus ngapain lu tonton bambankk hargailah karya seseorang,"['kalo', 'ngerasa', 'nih', 'video', 'gak', 'guna', 'trus', 'ngapain', 'lu', 'tonton', 'bambankk', 'hargailah', 'karya', 'seseorang']","['kalo', 'merasakan', 'nih', 'video', 'tidak', 'guna', 'terus', 'kenapa', 'kamu', 'tonton', 'bambankk', 'hargailah', 'karya', 'seseorang']","['merasakan', 'video', 'tonton', 'bambankk', 'hargailah', 'karya']"
22,Gimana kalau gambar posternya makanan khas gimana coba contohin dong plissğŸ‘ğŸ‘ğŸ‘,gimana kalau gambar posternya makanan khas gimana coba contohin dong plissğŸ‘ğŸ‘ğŸ‘,gimana kalau gambar posternya makanan khas gimana coba contohin dong pliss,"['gimana', 'kalau', 'gambar', 'posternya', 'makanan', 'khas', 'gimana', 'coba', 'contohin', 'dong', 'pliss']","['bagaimana', 'kalau', 'gambar', 'posternya', 'makanan', 'khas', 'bagaimana', 'coba', 'contohin', 'dong', 'pliss']","['gambar', 'posternya', 'makanan', 'khas', 'coba', 'contohin', 'pliss']"
23,Bisa gk makanan khas,bisa gk makanan khas,bisa gk makanan khas,"['bisa', 'gk', 'makanan', 'khas']","['bisa', 'tidak', 'makanan', 'khas']","['makanan', 'khas']"
24,"bisa, nanti digambar yang udah ada di dokumen, klik kanan terus pilih change picture. masukkan gambar makanan yg diinginkan","bisa, nanti digambar yang udah ada di dokumen, klik kanan terus pilih change picture. masukkan gambar makanan yg diinginkan",bisa nanti digambar yang udah ada di dokumen klik kanan terus pilih change picture masukkan gambar makanan yg diinginkan,"['bisa', 'nanti', 'digambar', 'yang', 'udah', 'ada', 'di', 'dokumen', 'klik', 'kanan', 'terus', 'pilih', 'change', 'picture', 'masukkan', 'gambar', 'makanan', 'yg', 'diinginkan']","['bisa', 'nanti', 'digambar', 'yang', 'sudah', 'ada', 'di', 'dokumen', 'klik', 'kanan', 'terus', 'pilih', 'change', 'picture', 'masukkan', 'gambar', 'makanan', 'yang', 'diinginkan']","['digambar', 'dokumen', 'klik', 'kanan', 'pilih', 'change', 'picture', 'masukkan', 'gambar', 'makanan']"
25,Terus cara cetaknya di print atau apa bro?,terus cara cetaknya di print atau apa bro?,terus cara cetaknya di print atau apa bro,"['terus', 'cara', 'cetaknya', 'di', 'print', 'atau', 'apa', 'bro']","['terus', 'cara', 'cetaknya', 'di', 'print', 'atau', 'apa', 'bro']","['cetaknya', 'print', 'bro']"
26,langsung dicetak dari pdf nya,langsung dicetak dari pdf nya,langsung dicetak dari pdf nya,"['langsung', 'dicetak', 'dari', 'pdf', 'nya']","['langsung', 'dicetak', 'dari', 'pdf', 'nya']","['langsung', 'dicetak', 'pdf']"
27,Tutorial yg bermanfaat,tutorial yg bermanfaat,tutorial yg bermanfaat,"['tutorial', 'yg', 'bermanfaat']","['tutorial', 'yang', 'bermanfaat']","['tutorial', 'bermanfaat']"
28,TRIMA KSIH SAHABAT,trima ksih sahabat,trima ksih sahabat,"['trima', 'ksih', 'sahabat']","['trima', 'ksih', 'sahabat']","['trima', 'ksih', 'sahabat']"
29,Kak di playstore instal nya yang mana,kak di playstore instal nya yang mana,kak di playstore instal nya yang mana,"['kak', 'di', 'playstore', 'instal', 'nya', 'yang', 'mana']","['kakak', 'di', 'playstore', 'instal', 'nya', 'yang', 'mana']","['kakak', 'playstore', 'instal']"
30,untuk di playstore belum support kak,untuk di playstore belum support kak,untuk di playstore belum support kak,"['untuk', 'di', 'playstore', 'belum', 'support', 'kak']","['untuk', 'di', 'playstore', 'belum', 'dukungan', 'kakak']","['playstore', 'dukungan', 'kakak']"
31,Publihsher 2012,publihsher 2012,publihsher,['publihsher'],['publihsher'],['publihsher']
32,Willows has a great experience with a good idea and I think that is a great thing,willows has a great experience with a good idea and i think that is a great thing,willows has  great experience with  good idea and  think that is  great thing,"['willows', 'has', 'great', 'experience', 'with', 'good', 'idea', 'and', 'think', 'that', 'is', 'great', 'thing']","['willows', 'has', 'great', 'pengalaman', 'with', 'good', 'idea', 'and', 'think', 'that', 'is', 'great', 'thing']","['willows', 'has', 'great', 'pengalaman', 'with', 'good', 'idea', 'and', 'think', 'that', 'is', 'great', 'thing']"
33,"Yah, Publisher saya masih tahun 2007:(","yah, publisher saya masih tahun 2007:(",yah publisher saya masih tahun,"['yah', 'publisher', 'saya', 'masih', 'tahun']","['ya', 'publisher', 'saya', 'masih', 'tahun']",['publisher']
34,Microsoft Publisher yang tahun berapa?,microsoft publisher yang tahun berapa?,microsoft publisher yang tahun berapa,"['microsoft', 'publisher', 'yang', 'tahun', 'berapa']","['microsoft', 'publisher', 'yang', 'tahun', 'berapa']","['microsoft', 'publisher']"
35,Publisher 2013 ke atas kakak,publisher 2013 ke atas kakak,publisher ke atas kakak,"['publisher', 'ke', 'atas', 'kakak']","['publisher', 'ke', 'atas', 'kakak']","['publisher', 'kakak']"
36,"sangat membantu sekali, saya guru fisika SMAN 1 Melaya Jembrana-Bali, baru belajar membuat onenote trims......semoga sehat selalu Bu Rima mohon terus berbagi....","sangat membantu sekali, saya guru fisika sman 1 melaya jembrana-bali, baru belajar membuat onenote trims......semoga sehat selalu bu rima mohon terus berbagi....",sangat membantu sekali saya guru fisika sman melaya jembranabali baru belajar membuat onenote trimssemoga sehat selalu bu rima mohon terus berbagi,"['sangat', 'membantu', 'sekali', 'saya', 'guru', 'fisika', 'sman', 'melaya', 'jembranabali', 'baru', 'belajar', 'membuat', 'onenote', 'trimssemoga', 'sehat', 'selalu', 'bu', 'rima', 'mohon', 'terus', 'berbagi']","['sangat', 'membantu', 'sekali', 'saya', 'guru', 'fisika', 'sman', 'melaya', 'jembranabali', 'baru', 'belajar', 'membuat', 'onenote', 'trimssemoga', 'sehat', 'selalu', 'bu', 'rima', 'mohon', 'terus', 'berbagi']","['membantu', 'guru', 'fisika', 'sman', 'melaya', 'jembranabali', 'belajar', 'onenote', 'trimssemoga', 'sehat', 'bu', 'rima', 'mohon', 'berbagi']"
37,kalau beli lisensi offline dimana,kalau beli lisensi offline dimana,kalau beli lisensi offline dimana,"['kalau', 'beli', 'lisensi', 'offline', 'dimana']","['kalau', 'beli', 'lisensi', 'offline', 'dimana']","['beli', 'lisensi', 'offline', 'dimana']"
38,ijin reupload boleh min?,ijin reupload boleh min?,ijin reupload boleh min,"['ijin', 'reupload', 'boleh', 'min']","['izin', 'reupload', 'boleh', 'min']","['izin', 'reupload', 'min']"
39,"monggo Mas Haris, boleh sekali :)","monggo mas haris, boleh sekali :)",monggo mas haris boleh sekali,"['monggo', 'mas', 'haris', 'boleh', 'sekali']","['monggo', 'kakak', 'haris', 'boleh', 'sekali']","['monggo', 'kakak', 'haris']"
40,Bang aplikasi untuk buat kolase seperti itu diandroid apa ya?,bang aplikasi untuk buat kolase seperti itu diandroid apa ya?,bang aplikasi untuk buat kolase seperti itu diandroid apa ya,"['bang', 'aplikasi', 'untuk', 'buat', 'kolase', 'seperti', 'itu', 'diandroid', 'apa', 'ya']","['kakak', 'aplikasi', 'untuk', 'buat', 'kolase', 'seperti', 'itu', 'diandroid', 'apa', 'ya']","['kakak', 'aplikasi', 'kolase', 'diandroid']"
41,"Halo, setelah kita memverifikasi dan pindah ke a1, apakah Bapak/Ibu/siswa  bisa mengklaim kredit dari azure sebagai pengajar/siswa?","halo, setelah kita memverifikasi dan pindah ke a1, apakah bapak/ibu/siswa  bisa mengklaim kredit dari azure sebagai pengajar/siswa?",halo setelah kita memverifikasi dan pindah ke  apakah bapakibusiswa bisa mengklaim kredit dari azure sebagai pengajarsiswa,"['halo', 'setelah', 'kita', 'memverifikasi', 'dan', 'pindah', 'ke', 'apakah', 'bapakibusiswa', 'bisa', 'mengklaim', 'kredit', 'dari', 'azure', 'sebagai', 'pengajarsiswa']","['halo', 'setelah', 'kita', 'memverifikasi', 'dan', 'pindah', 'ke', 'apakah', 'bapakibusiswa', 'bisa', 'mengklaim', 'kredit', 'dari', 'azure', 'sebagai', 'pengajarsiswa']","['halo', 'memverifikasi', 'pindah', 'bapakibusiswa', 'mengklaim', 'kredit', 'azure', 'pengajarsiswa']"
42,Selamat pagi bu....tapi aplikasi ini khan berbayar setiap bulannya dan menjalankannya hrs secara online. <br>Pertanyaan saya apakah aplikasi ini bisa dijalankan secara offline dan gratis permanen <br>Terima kasih atas infonya bu..,selamat pagi bu....tapi aplikasi ini khan berbayar setiap bulannya dan menjalankannya hrs secara online. <br>pertanyaan saya apakah aplikasi ini bisa dijalankan secara offline dan gratis permanen <br>terima kasih atas infonya bu..,selamat pagi butapi aplikasi ini khan berbayar setiap bulannya dan menjalankannya hrs secara online brpertanyaan saya apakah aplikasi ini bisa dijalankan secara offline dan gratis permanen brterima kasih atas infonya bu,"['selamat', 'pagi', 'butapi', 'aplikasi', 'ini', 'khan', 'berbayar', 'setiap', 'bulannya', 'dan', 'menjalankannya', 'hrs', 'secara', 'online', 'brpertanyaan', 'saya', 'apakah', 'aplikasi', 'ini', 'bisa', 'dijalankan', 'secara', 'offline', 'dan', 'gratis', 'permanen', 'brterima', 'kasih', 'atas', 'infonya', 'bu']","['selamat', 'pagi', 'butapi', 'aplikasi', 'ini', 'khan', 'berbayar', 'setiap', 'bulannya', 'dan', 'menjalankannya', 'harus', 'secara', 'online', 'brpertanyaan', 'saya', 'apakah', 'aplikasi', 'ini', 'bisa', 'dijalankan', 'secara', 'offline', 'dan', 'gratis', 'permanen', 'brterima', 'kasih', 'atas', 'infonya', 'bu']","['selamat', 'pagi', 'butapi', 'aplikasi', 'khan', 'berbayar', 'bulannya', 'menjalankannya', 'online', 'brpertanyaan', 'aplikasi', 'dijalankan', 'offline', 'gratis', 'permanen', 'brterima', 'kasih', 'infonya', 'bu']"
43,yg mempelajari ini saat darurat covid-19 mana jempolnyaaaaa???,yg mempelajari ini saat darurat covid-19 mana jempolnyaaaaa???,yg mempelajari ini saat darurat covid mana jempolnyaaaaa,"['yg', 'mempelajari', 'ini', 'saat', 'darurat', 'covid', 'mana', 'jempolnyaaaaa']","['yang', 'mempelajari', 'ini', 'saat', 'darurat', 'covid', 'mana', 'jempolnya']","['mempelajari', 'darurat', 'covid', 'jempolnya']"
44,Yang saya punya masih A5 hanya 25 user. Bagaimana cara mengubah ke A1 agar free untuk semua user?,yang saya punya masih a5 hanya 25 user. bagaimana cara mengubah ke a1 agar free untuk semua user?,yang saya punya masih  hanya user bagaimana cara mengubah ke  agar free untuk semua user,"['yang', 'saya', 'punya', 'masih', 'hanya', 'user', 'bagaimana', 'cara', 'mengubah', 'ke', 'agar', 'free', 'untuk', 'semua', 'user']","['yang', 'saya', 'punya', 'masih', 'hanya', 'user', 'bagaimana', 'cara', 'mengubah', 'ke', 'agar', 'free', 'untuk', 'semua', 'user']","['user', 'mengubah', 'free', 'user']"
45,"Hi Sahabar Pembelajar, bisa mengikuti panduan yang ada di sini: <a href=""https://medium.com/visiblelearningdesigns/how-to-get-microsoft-office-365-for-your-school-for-free-part-3-of-3-7568378f1c80"">https://medium.com/visiblelearningdesigns/how-to-get-microsoft-office-365-for-your-school-for-free-part-3-of-3-7568378f1c80</a>","hi sahabar pembelajar, bisa mengikuti panduan yang ada di sini: <a href=""https://medium.com/visiblelearningdesigns/how-to-get-microsoft-office-365-for-your-school-for-free-part-3-of-3-7568378f1c80"">https://medium.com/visiblelearningdesigns/how-to-get-microsoft-office-365-for-your-school-for-free-part-3-of-3-7568378f1c80</a>",hi sahabar pembelajar bisa mengikuti panduan yang ada di sini  href,"['hi', 'sahabar', 'pembelajar', 'bisa', 'mengikuti', 'panduan', 'yang', 'ada', 'di', 'sini', 'href']","['hi', 'sahabar', 'pembelajar', 'bisa', 'mengikuti', 'panduan', 'yang', 'ada', 'di', 'sini', 'href']","['hi', 'sahabar', 'pembelajar', 'mengikuti', 'panduan', 'href']"
46,Terimakasih sangat bemanfaat... Tutorial aetting dns dong... Gagalnya di situ terus...,terimakasih sangat bemanfaat... tutorial aetting dns dong... gagalnya di situ terus...,terimakasih sangat bemanfaat tutorial aetting dns dong gagalnya di situ terus,"['terimakasih', 'sangat', 'bemanfaat', 'tutorial', 'aetting', 'dns', 'dong', 'gagalnya', 'di', 'situ', 'terus']","['terimakasih', 'sangat', 'bemanfaat', 'tutorial', 'aetting', 'dns', 'dong', 'gagalnya', 'di', 'situ', 'terus']","['terimakasih', 'bemanfaat', 'tutorial', 'aetting', 'dns', 'gagalnya', 'situ']"
47,"Hi Pika Movie, bisa mengikuti panduan yang ada di sini: <a href=""http://maribelajar.org/webinar/7-langkah-memulai-menerapkan-office-365-for-education-di-sekolah/"">http://maribelajar.org/webinar/7-langkah-memulai-menerapkan-office-365-for-education-di-sekolah/</a>","hi pika movie, bisa mengikuti panduan yang ada di sini: <a href=""http://maribelajar.org/webinar/7-langkah-memulai-menerapkan-office-365-for-education-di-sekolah/"">http://maribelajar.org/webinar/7-langkah-memulai-menerapkan-office-365-for-education-di-sekolah/</a>",hi pika movie bisa mengikuti panduan yang ada di sini  href,"['hi', 'pika', 'movie', 'bisa', 'mengikuti', 'panduan', 'yang', 'ada', 'di', 'sini', 'href']","['hi', 'pika', 'movie', 'bisa', 'mengikuti', 'panduan', 'yang', 'ada', 'di', 'sini', 'href']","['hi', 'pika', 'movie', 'mengikuti', 'panduan', 'href']"
48,terlalu cepat bos.. kalau bisa ada suara tutorial nya karena kalau baca text terlalu cepat,terlalu cepat bos.. kalau bisa ada suara tutorial nya karena kalau baca text terlalu cepat,terlalu cepat bos kalau bisa ada suara tutorial nya karena kalau baca text terlalu cepat,"['terlalu', 'cepat', 'bos', 'kalau', 'bisa', 'ada', 'suara', 'tutorial', 'nya', 'karena', 'kalau', 'baca', 'text', 'terlalu', 'cepat']","['terlalu', 'cepat', 'pemimpin', 'kalau', 'bisa', 'ada', 'suara', 'tutorial', 'nya', 'karena', 'kalau', 'baca', 'text', 'terlalu', 'cepat']","['cepat', 'pemimpin', 'suara', 'tutorial', 'baca', 'text', 'cepat']"
49,"Heloo KK, saya ingin bertanya, saya sudah membuat Approvel dari MS form dan sudah berhasil tetapi, saya mempunyai masalah,saya sendri yang membuat sistem Approvel di ms flow, yang saya terima di email, dikirim mengguankan email yang sama dengan email saya saat membuat MS Form, pertanyaan saya bagaimana cara mengganti email pengirim sesuai dengan email submiter ketika submit ms form? terimakasih","heloo kk, saya ingin bertanya, saya sudah membuat approvel dari ms form dan sudah berhasil tetapi, saya mempunyai masalah,saya sendri yang membuat sistem approvel di ms flow, yang saya terima di email, dikirim mengguankan email yang sama dengan email saya saat membuat ms form, pertanyaan saya bagaimana cara mengganti email pengirim sesuai dengan email submiter ketika submit ms form? terimakasih",heloo kk saya ingin bertanya saya sudah membuat approvel dari ms form dan sudah berhasil tetapi saya mempunyai masalahsaya sendri yang membuat sistem approvel di ms flow yang saya terima di email dikirim mengguankan email yang sama dengan email saya saat membuat ms form pertanyaan saya bagaimana cara mengganti email pengirim sesuai dengan email submiter ketika submit ms form terimakasih,"['heloo', 'kk', 'saya', 'ingin', 'bertanya', 'saya', 'sudah', 'membuat', 'approvel', 'dari', 'ms', 'form', 'dan', 'sudah', 'berhasil', 'tetapi', 'saya', 'mempunyai', 'masalahsaya', 'sendri', 'yang', 'membuat', 'sistem', 'approvel', 'di', 'ms', 'flow', 'yang', 'saya', 'terima', 'di', 'email', 'dikirim', 'mengguankan', 'email', 'yang', 'sama', 'dengan', 'email', 'saya', 'saat', 'membuat', 'ms', 'form', 'pertanyaan', 'saya', 'bagaimana', 'cara', 'mengganti', 'email', 'pengirim', 'sesuai', 'dengan', 'email', 'submiter', 'ketika', 'submit', 'ms', 'form', 'terimakasih']","['heloo', 'kakak', 'saya', 'ingin', 'bertanya', 'saya', 'sudah', 'membuat', 'approvel', 'dari', 'ms', 'form', 'dan', 'sudah', 'berhasil', 'tetapi', 'saya', 'mempunyai', 'masalahsaya', 'sendiri', 'yang', 'membuat', 'sistem', 'approvel', 'di', 'ms', 'flow', 'yang', 'saya', 'terima', 'di', 'email', 'dikirim', 'mengguankan', 'email', 'yang', 'sama', 'dengan', 'email', 'saya', 'saat', 'membuat', 'ms', 'form', 'pertanyaan', 'saya', 'bagaimana', 'cara', 'mengganti', 'email', 'pengirim', 'sesuai', 'dengan', 'email', 'submiter', 'ketika', 'submit', 'ms', 'form', 'terimakasih']","['heloo', 'kakak', 'approvel', 'ms', 'form', 'berhasil', 'masalahsaya', 'sistem', 'approvel', 'ms', 'flow', 'terima', 'email', 'dikirim', 'mengguankan', 'email', 'email', 'ms', 'form', 'mengganti', 'email', 'pengirim', 'sesuai', 'email', 'submiter', 'submit', 'ms', 'form', 'terimakasih']"
50,"keren bpk ,,, bisa share file nya untuk praktik","keren bpk ,,, bisa share file nya untuk praktik",keren bpk bisa share file nya untuk praktik,"['keren', 'bpk', 'bisa', 'share', 'file', 'nya', 'untuk', 'praktik']","['keren', 'bapak', 'bisa', 'share', 'file', 'nya', 'untuk', 'praktik']","['keren', 'share', 'file', 'praktik']"
51,"Pak, bisa gak buat lantihan nya, dikasih sample excel data nya dan cara membangung visualisanya.","pak, bisa gak buat lantihan nya, dikasih sample excel data nya dan cara membangung visualisanya.",pak bisa gak buat lantihan nya dikasih sample excel data nya dan cara membangung visualisanya,"['pak', 'bisa', 'gak', 'buat', 'lantihan', 'nya', 'dikasih', 'sample', 'excel', 'data', 'nya', 'dan', 'cara', 'membangung', 'visualisanya']","['pak', 'bisa', 'tidak', 'buat', 'latihan', 'nya', 'dikasih', 'sample', 'excel', 'data', 'nya', 'dan', 'cara', 'membangun', 'visualisanya']","['latihan', 'dikasih', 'sample', 'excel', 'data', 'membangun', 'visualisanya']"
52,kak MariBelajar ada nama instagramnya ga ya?,kak maribelajar ada nama instagramnya ga ya?,kak maribelajar ada nama instagramnya ga ya,"['kak', 'maribelajar', 'ada', 'nama', 'instagramnya', 'ga', 'ya']","['kakak', 'maribelajar', 'ada', 'nama', 'instagramnya', 'tidak', 'ya']","['kakak', 'maribelajar', 'nama', 'instagramnya']"
53,"Hallo Mas, saya bingung untuk price power BI..itu per user dan per bulana kan yah<br><br>Kalo kasusnya mau dipasang di sebuah perusahaan dimana yg siapin data 2 orang atau bisa dari database sendiri lalu dashboard bisa dilihat banyak user atau public, itu belinya 1 user ajah atau masing2 user yg mau lihat dashboard beli juga?<br><br>Makasih","hallo mas, saya bingung untuk price power bi..itu per user dan per bulana kan yah<br><br>kalo kasusnya mau dipasang di sebuah perusahaan dimana yg siapin data 2 orang atau bisa dari database sendiri lalu dashboard bisa dilihat banyak user atau public, itu belinya 1 user ajah atau masing2 user yg mau lihat dashboard beli juga?<br><br>makasih",hallo mas saya bingung untuk price power biitu per user dan per bulana kan yahbrbrkalo kasusnya mau dipasang di sebuah perusahaan dimana yg siapin data orang atau bisa dari database sendiri lalu dashboard bisa dilihat banyak user atau public itu belinya user ajah atau masing user yg mau lihat dashboard beli jugabrbrmakasih,"['hallo', 'mas', 'saya', 'bingung', 'untuk', 'price', 'power', 'biitu', 'per', 'user', 'dan', 'per', 'bulana', 'kan', 'yahbrbrkalo', 'kasusnya', 'mau', 'dipasang', 'di', 'sebuah', 'perusahaan', 'dimana', 'yg', 'siapin', 'data', 'orang', 'atau', 'bisa', 'dari', 'database', 'sendiri', 'lalu', 'dashboard', 'bisa', 'dilihat', 'banyak', 'user', 'atau', 'public', 'itu', 'belinya', 'user', 'ajah', 'atau', 'masing', 'user', 'yg', 'mau', 'lihat', 'dashboard', 'beli', 'jugabrbrmakasih']","['hallo', 'kakak', 'saya', 'bingung', 'untuk', 'price', 'power', 'biitu', 'per', 'user', 'dan', 'per', 'bulan', 'kan', 'yahbrbrkalo', 'kasusnya', 'mau', 'dipasang', 'di', 'sebuah', 'perusahaan', 'dimana', 'yang', 'siapin', 'data', 'orang', 'atau', 'bisa', 'dari', 'database', 'sendiri', 'lalu', 'dashboard', 'bisa', 'dilihat', 'banyak', 'user', 'atau', 'public', 'itu', 'belinya', 'user', 'saja', 'atau', 'masing', 'user', 'yang', 'mau', 'lihat', 'dashboard', 'beli', 'jugabrbrmakasih']","['hallo', 'kakak', 'bingung', 'price', 'power', 'biitu', 'user', 'yahbrbrkalo', 'kasusnya', 'dipasang', 'perusahaan', 'dimana', 'siapin', 'data', 'orang', 'database', 'dashboard', 'user', 'public', 'belinya', 'user', 'user', 'lihat', 'dashboard', 'beli', 'jugabrbrmakasih']"
54,"bang, kalo ada  kolom excel  , data sales vs target jadi persentase, bgmn buat grafik %  nya di power bi ?","bang, kalo ada  kolom excel  , data sales vs target jadi persentase, bgmn buat grafik %  nya di power bi ?",bang kalo ada kolom excel data sales vs target jadi persentase bgmn buat grafik nya di power bi,"['bang', 'kalo', 'ada', 'kolom', 'excel', 'data', 'sales', 'vs', 'target', 'jadi', 'persentase', 'bgmn', 'buat', 'grafik', 'nya', 'di', 'power', 'bi']","['kakak', 'kalo', 'ada', 'kolom', 'excel', 'data', 'sales', 'vs', 'target', 'jadi', 'persentase', 'bagaimana', 'buat', 'grafik', 'nya', 'di', 'power', 'bi']","['kakak', 'kolom', 'excel', 'data', 'sales', 'vs', 'target', 'persentase', 'grafik', 'power', 'bi']"
55,"Terima kasih pencerahannya, sukses selalu mas.","terima kasih pencerahannya, sukses selalu mas.",terima kasih pencerahannya sukses selalu mas,"['terima', 'kasih', 'pencerahannya', 'sukses', 'selalu', 'mas']","['terima', 'kasih', 'pencerahannya', 'sukses', 'selalu', 'kakak']","['terima', 'kasih', 'pencerahannya', 'sukses', 'kakak']"
56,"simpel, jelas.. makasih","simpel, jelas.. makasih",simpel jelas makasih,"['simpel', 'jelas', 'makasih']","['simpel', 'jelas', 'terimakasih']","['simpel', 'terimakasih']"
57,Mohon infonya apakah bisa blajar online via zoom atau gmeet?,mohon infonya apakah bisa blajar online via zoom atau gmeet?,mohon infonya apakah bisa blajar online via zoom atau gmeet,"['mohon', 'infonya', 'apakah', 'bisa', 'blajar', 'online', 'via', 'zoom', 'atau', 'gmeet']","['mohon', 'infonya', 'apakah', 'bisa', 'belajar', 'online', 'via', 'zoom', 'atau', 'gmeet']","['mohon', 'infonya', 'belajar', 'online', 'via', 'zoom', 'gmeet']"
58,"Ya elah udah nungguin lama, ternyata gak d ajarin cara bikin tampilan itu zzzzz","ya elah udah nungguin lama, ternyata gak d ajarin cara bikin tampilan itu zzzzz",ya elah udah nungguin lama ternyata gak  ajarin cara bikin tampilan itu zzzzz,"['ya', 'elah', 'udah', 'nungguin', 'lama', 'ternyata', 'gak', 'ajarin', 'cara', 'bikin', 'tampilan', 'itu', 'zzzzz']","['ya', 'elah', 'sudah', 'menunggu', 'lama', 'ternyata', 'tidak', 'mengajarkan', 'cara', 'bikin', 'tampilan', 'itu', 'zzzzz']","['elah', 'menunggu', 'mengajarkan', 'tampilan', 'zzzzz']"
59,databasenya bisa dari google spreadsheet tidak yaah?,databasenya bisa dari google spreadsheet tidak yaah?,databasenya bisa dari google spreadsheet tidak yaah,"['databasenya', 'bisa', 'dari', 'google', 'spreadsheet', 'tidak', 'yaah']","['databasenya', 'bisa', 'dari', 'google', 'spreadsheet', 'tidak', 'ya']","['databasenya', 'google', 'spreadsheet']"
60,bang apakah wilayah nya bisa per kabupaten/kota???,bang apakah wilayah nya bisa per kabupaten/kota???,bang apakah wilayah nya bisa per kabupatenkota,"['bang', 'apakah', 'wilayah', 'nya', 'bisa', 'per', 'kabupatenkota']","['kakak', 'apakah', 'wilayah', 'nya', 'bisa', 'per', 'kabupatenkota']","['kakak', 'wilayah', 'kabupatenkota']"
61,"Good explanation, thanks!","good explanation, thanks!",good explanation thanks,"['good', 'explanation', 'thanks']","['good', 'explanation', 'terimakasih']","['good', 'explanation', 'terimakasih']"
62,Bang bisa minta datasetnya buat praktek? atau bisa didapat dari mana ya,bang bisa minta datasetnya buat praktek? atau bisa didapat dari mana ya,bang bisa minta datasetnya buat praktek atau bisa didapat dari mana ya,"['bang', 'bisa', 'minta', 'datasetnya', 'buat', 'praktek', 'atau', 'bisa', 'didapat', 'dari', 'mana', 'ya']","['kakak', 'bisa', 'minta', 'datasetnya', 'buat', 'praktek', 'atau', 'bisa', 'didapat', 'dari', 'mana', 'ya']","['kakak', 'datasetnya', 'praktek']"
63,"makasih tutorialnya gan, membantu saya saat magang, suskes buat tutorial yang bermanfaat","makasih tutorialnya gan, membantu saya saat magang, suskes buat tutorial yang bermanfaat",makasih tutorialnya gan membantu saya saat magang suskes buat tutorial yang bermanfaat,"['makasih', 'tutorialnya', 'gan', 'membantu', 'saya', 'saat', 'magang', 'suskes', 'buat', 'tutorial', 'yang', 'bermanfaat']","['terimakasih', 'tutorialnya', 'gan', 'membantu', 'saya', 'saat', 'magang', 'suskes', 'buat', 'tutorial', 'yang', 'bermanfaat']","['terimakasih', 'tutorialnya', 'gan', 'membantu', 'magang', 'suskes', 'tutorial', 'bermanfaat']"
64,cek channel saya yah bang,cek channel saya yah bang,cek channel saya yah bang,"['cek', 'channel', 'saya', 'yah', 'bang']","['cek', 'channel', 'saya', 'ya', 'kakak']","['cek', 'channel', 'kakak']"
65,"Matul Boss, terimakasih","matul boss, terimakasih",matul boss terimakasih,"['matul', 'boss', 'terimakasih']","['matul', 'boss', 'terimakasih']","['matul', 'boss', 'terimakasih']"
66,"Lanjutkan Bos totorial power BI , terimakasih ğŸ˜Š","lanjutkan bos totorial power bi , terimakasih ğŸ˜Š",lanjutkan bos totorial power bi terimakasih,"['lanjutkan', 'bos', 'totorial', 'power', 'bi', 'terimakasih']","['lanjutkan', 'pemimpin', 'tutorial', 'power', 'bi', 'terimakasih']","['lanjutkan', 'pemimpin', 'tutorial', 'power', 'bi', 'terimakasih']"
67,"Mau tanya, Power BI apakah bisa running on Macbook?","mau tanya, power bi apakah bisa running on macbook?",mau tanya power bi apakah bisa running on macbook,"['mau', 'tanya', 'power', 'bi', 'apakah', 'bisa', 'running', 'on', 'macbook']","['mau', 'tanya', 'power', 'bi', 'apakah', 'bisa', 'running', 'on', 'macbook']","['power', 'bi', 'running', 'on', 'macbook']"
68,"Untuk versi web bisa. Namun untuk versi desktop, harus Windows. Tapi di Macbook bisa install Windows kok ğŸ˜Š","untuk versi web bisa. namun untuk versi desktop, harus windows. tapi di macbook bisa install windows kok ğŸ˜Š",untuk versi web bisa namun untuk versi desktop harus windows tapi di macbook bisa install windows kok,"['untuk', 'versi', 'web', 'bisa', 'namun', 'untuk', 'versi', 'desktop', 'harus', 'windows', 'tapi', 'di', 'macbook', 'bisa', 'install', 'windows', 'kok']","['untuk', 'versi', 'web', 'bisa', 'namun', 'untuk', 'versi', 'desktop', 'harus', 'windows', 'tapi', 'di', 'macbook', 'bisa', 'install', 'windows', 'kok']","['versi', 'web', 'versi', 'desktop', 'windows', 'macbook', 'install', 'windows']"
69,mas kenapa ketika mengimport file latitude longitude dari excel titiknya hilangnya di PBI?,mas kenapa ketika mengimport file latitude longitude dari excel titiknya hilangnya di pbi?,mas kenapa ketika mengimport file latitude longitude dari excel titiknya hilangnya di pbi,"['mas', 'kenapa', 'ketika', 'mengimport', 'file', 'latitude', 'longitude', 'dari', 'excel', 'titiknya', 'hilangnya', 'di', 'pbi']","['kakak', 'kenapa', 'ketika', 'mengimport', 'file', 'latitude', 'longitude', 'dari', 'excel', 'titiknya', 'hilangnya', 'di', 'pbi']","['kakak', 'mengimport', 'file', 'latitude', 'longitude', 'excel', 'titiknya', 'hilangnya', 'pbi']"
70,mantab nih.. Terima kasih bang.. Sukses selalu...,mantab nih.. terima kasih bang.. sukses selalu...,mantab nih terima kasih bang sukses selalu,"['mantab', 'nih', 'terima', 'kasih', 'bang', 'sukses', 'selalu']","['mantab', 'nih', 'terima', 'kasih', 'kakak', 'sukses', 'selalu']","['mantab', 'terima', 'kasih', 'kakak', 'sukses']"
71,enak banget ngejelasinnya,enak banget ngejelasinnya,enak banget ngejelasinnya,"['enak', 'banget', 'ngejelasinnya']","['enak', 'banget', 'ngejelasinnya']","['enak', 'banget', 'ngejelasinnya']"
72,apakah windows edu nyaman di pakai juga untuk aktivitas kantoran?? perbedaan nya apa saja windows biasa dgn win edu ??,apakah windows edu nyaman di pakai juga untuk aktivitas kantoran?? perbedaan nya apa saja windows biasa dgn win edu ??,apakah windows edu nyaman di pakai juga untuk aktivitas kantoran perbedaan nya apa saja windows biasa dgn win edu,"['apakah', 'windows', 'edu', 'nyaman', 'di', 'pakai', 'juga', 'untuk', 'aktivitas', 'kantoran', 'perbedaan', 'nya', 'apa', 'saja', 'windows', 'biasa', 'dgn', 'win', 'edu']","['apakah', 'windows', 'edukasi', 'nyaman', 'di', 'pakai', 'juga', 'untuk', 'aktivitas', 'kantoran', 'perbedaan', 'nya', 'apa', 'saja', 'windows', 'biasa', 'dengan', 'win', 'edukasi']","['windows', 'edukasi', 'nyaman', 'pakai', 'aktivitas', 'kantoran', 'perbedaan', 'windows', 'win', 'edukasi']"
73,install printernya jg ribet !!,install printernya jg ribet !!,install printernya jg ribet,"['install', 'printernya', 'jg', 'ribet']","['install', 'printernya', 'juga', 'rumit']","['install', 'printernya', 'rumit']"
74,kok banyak game online yg gk support ya bang windows 10 education,kok banyak game online yg gk support ya bang windows 10 education,kok banyak game online yg gk support ya bang windows education,"['kok', 'banyak', 'game', 'online', 'yg', 'gk', 'support', 'ya', 'bang', 'windows', 'education']","['kok', 'banyak', 'game', 'online', 'yang', 'tidak', 'dukungan', 'ya', 'kakak', 'windows', 'education']","['game', 'online', 'dukungan', 'kakak', 'windows', 'education']"
75,Buat belajar bro,buat belajar bro,buat belajar bro,"['buat', 'belajar', 'bro']","['buat', 'belajar', 'bro']","['belajar', 'bro']"
76,"Yah gimana lagi? Kan itu udah jelas namanya, Education. Jadi, Windowsnya khusus untuk sekolah aja.","yah gimana lagi? kan itu udah jelas namanya, education. jadi, windowsnya khusus untuk sekolah aja.",yah gimana lagi kan itu udah jelas namanya education jadi windowsnya khusus untuk sekolah aja,"['yah', 'gimana', 'lagi', 'kan', 'itu', 'udah', 'jelas', 'namanya', 'education', 'jadi', 'windowsnya', 'khusus', 'untuk', 'sekolah', 'aja']","['ya', 'bagaimana', 'lagi', 'kan', 'itu', 'sudah', 'jelas', 'namanya', 'education', 'jadi', 'windowsnya', 'khusus', 'untuk', 'sekolah', 'aja']","['namanya', 'education', 'windowsnya', 'khusus', 'sekolah']"
77,"Bermanfaat banget, makasih kakaaa","bermanfaat banget, makasih kakaaa",bermanfaat banget makasih kakaaa,"['bermanfaat', 'banget', 'makasih', 'kakaaa']","['bermanfaat', 'banget', 'terimakasih', 'kakaaa']","['bermanfaat', 'banget', 'terimakasih', 'kakaaa']"
78,Apakah ada video atau manual book lengkapnya mas...saya serius berminat mendalami power BI ini.,apakah ada video atau manual book lengkapnya mas...saya serius berminat mendalami power bi ini.,apakah ada video atau manual book lengkapnya massaya serius berminat mendalami power bi ini,"['apakah', 'ada', 'video', 'atau', 'manual', 'book', 'lengkapnya', 'massaya', 'serius', 'berminat', 'mendalami', 'power', 'bi', 'ini']","['apakah', 'ada', 'video', 'atau', 'manual', 'book', 'lengkapnya', 'massaya', 'serius', 'berminat', 'mendalami', 'power', 'bi', 'ini']","['video', 'manual', 'book', 'lengkapnya', 'massaya', 'serius', 'berminat', 'mendalami', 'power', 'bi']"
79,"mohon maaf kak, kami tidak menyediakan, namun mungkin kakak bisa mempelajarinya melalui tautan ini <a href=""https://docs.microsoft.com/en-us/power-bi/#pivot=home&amp;panel=home-all"">https://docs.microsoft.com/en-us/power-bi/#pivot=home&amp;panel=home-all</a>","mohon maaf kak, kami tidak menyediakan, namun mungkin kakak bisa mempelajarinya melalui tautan ini <a href=""https://docs.microsoft.com/en-us/power-bi/#pivot=home&amp;panel=home-all"">https://docs.microsoft.com/en-us/power-bi/#pivot=home&amp;panel=home-all</a>",mohon maaf kak kami tidak menyediakan namun mungkin kakak bisa mempelajarinya melalui tautan ini  href,"['mohon', 'maaf', 'kak', 'kami', 'tidak', 'menyediakan', 'namun', 'mungkin', 'kakak', 'bisa', 'mempelajarinya', 'melalui', 'tautan', 'ini', 'href']","['mohon', 'maaf', 'kakak', 'kami', 'tidak', 'menyediakan', 'namun', 'mungkin', 'kakak', 'bisa', 'mempelajarinya', 'melalui', 'tautan', 'ini', 'href']","['mohon', 'maaf', 'kakak', 'menyediakan', 'kakak', 'mempelajarinya', 'tautan', 'href']"
80,Itu klu siswa melakukan kecurangan bisa ketahuan ?,itu klu siswa melakukan kecurangan bisa ketahuan ?,itu klu siswa melakukan kecurangan bisa ketahuan,"['itu', 'klu', 'siswa', 'melakukan', 'kecurangan', 'bisa', 'ketahuan']","['itu', 'kalau', 'siswa', 'melakukan', 'kecurangan', 'bisa', 'ketahuan']","['siswa', 'kecurangan', 'ketahuan']"
81,Pak...sudah terbuka tp pada soal gak bisa buat kuncinya... Apakah sofwarenya harus beli?,pak...sudah terbuka tp pada soal gak bisa buat kuncinya... apakah sofwarenya harus beli?,paksudah terbuka tp pada soal gak bisa buat kuncinya apakah sofwarenya harus beli,"['paksudah', 'terbuka', 'tp', 'pada', 'soal', 'gak', 'bisa', 'buat', 'kuncinya', 'apakah', 'sofwarenya', 'harus', 'beli']","['paksudah', 'terbuka', 'tapi', 'pada', 'soal', 'tidak', 'bisa', 'buat', 'kuncinya', 'apakah', 'softwarenya', 'harus', 'beli']","['paksudah', 'terbuka', 'kuncinya', 'softwarenya', 'beli']"
82,"Hi Edukasi Sejarah, untuk membuat kuis harus menggunakan New Quiz bukan New Form","hi edukasi sejarah, untuk membuat kuis harus menggunakan new quiz bukan new form",hi edukasi sejarah untuk membuat kuis harus menggunakan new quiz bukan new form,"['hi', 'edukasi', 'sejarah', 'untuk', 'membuat', 'kuis', 'harus', 'menggunakan', 'new', 'quiz', 'bukan', 'new', 'form']","['hi', 'edukasi', 'sejarah', 'untuk', 'membuat', 'kuis', 'harus', 'menggunakan', 'new', 'quiz', 'bukan', 'new', 'form']","['hi', 'edukasi', 'sejarah', 'kuis', 'new', 'quiz', 'new', 'form']"
83,apakah ms 365 itu di install dulu nya pa,apakah ms 365 itu di install dulu nya pa,apakah ms itu di install dulu nya pa,"['apakah', 'ms', 'itu', 'di', 'install', 'dulu', 'nya', 'pa']","['apakah', 'ms', 'itu', 'di', 'install', 'dulu', 'nya', 'bapak']","['ms', 'install']"
84,"dapat diakses langsung secara online ke <a href=""http://portal.office.com/"">portal.office.com</a>","dapat diakses langsung secara online ke <a href=""http://portal.office.com/"">portal.office.com</a>",dapat diakses langsung secara online ke  href,"['dapat', 'diakses', 'langsung', 'secara', 'online', 'ke', 'href']","['dapat', 'diakses', 'langsung', 'secara', 'online', 'ke', 'href']","['diakses', 'langsung', 'online', 'href']"
85,Pak... Koq microsoft formnya sy gak muncul yah... Apakah harus beli dulu sofwarenya?,pak... koq microsoft formnya sy gak muncul yah... apakah harus beli dulu sofwarenya?,pak koq microsoft formnya sy gak muncul yah apakah harus beli dulu sofwarenya,"['pak', 'koq', 'microsoft', 'formnya', 'sy', 'gak', 'muncul', 'yah', 'apakah', 'harus', 'beli', 'dulu', 'sofwarenya']","['pak', 'koq', 'microsoft', 'formnya', 'saya', 'tidak', 'muncul', 'ya', 'apakah', 'harus', 'beli', 'dulu', 'softwarenya']","['koq', 'microsoft', 'formnya', 'muncul', 'beli', 'softwarenya']"
86,makasih mas penjelasannya. untuk menambahkan guru lain bagaimana caranya?,makasih mas penjelasannya. untuk menambahkan guru lain bagaimana caranya?,makasih mas penjelasannya untuk menambahkan guru lain bagaimana caranya,"['makasih', 'mas', 'penjelasannya', 'untuk', 'menambahkan', 'guru', 'lain', 'bagaimana', 'caranya']","['terimakasih', 'kakak', 'penjelasannya', 'untuk', 'menambahkan', 'guru', 'lain', 'bagaimana', 'caranya']","['terimakasih', 'kakak', 'penjelasannya', 'guru']"
87,Terlalu bertele tele mas....,terlalu bertele tele mas....,terlalu bertele tele mas,"['terlalu', 'bertele', 'tele', 'mas']","['terlalu', 'bertele', 'tele', 'kakak']","['bertele', 'tele', 'kakak']"
88,suara kresek kresek nya mengganggu,suara kresek kresek nya mengganggu,suara kresek kresek nya mengganggu,"['suara', 'kresek', 'kresek', 'nya', 'mengganggu']","['suara', 'kresek', 'kresek', 'nya', 'mengganggu']","['suara', 'kresek', 'kresek', 'mengganggu']"
89,Cara menghapus penugasan yg sdh tertulis diclass notebook tp di teams,cara menghapus penugasan yg sdh tertulis diclass notebook tp di teams,cara menghapus penugasan yg sdh tertulis diclass notebook tp di teams,"['cara', 'menghapus', 'penugasan', 'yg', 'sdh', 'tertulis', 'diclass', 'notebook', 'tp', 'di', 'teams']","['cara', 'menghapus', 'penugasan', 'yang', 'sudah', 'tertulis', 'diclass', 'notebook', 'tapi', 'di', 'teams']","['menghapus', 'penugasan', 'tertulis', 'diclass', 'notebook', 'teams']"
90,"Bang mo nanya,ini murid sudah login  n masuk di beranda dan di suruh gurunya nyari clas notebook tpi kok ga ada ya,,mohon di jawab ya bang","bang mo nanya,ini murid sudah login  n masuk di beranda dan di suruh gurunya nyari clas notebook tpi kok ga ada ya,,mohon di jawab ya bang",bang mo nanyaini murid sudah login  masuk di beranda dan di suruh gurunya nyari clas notebook tpi kok ga ada yamohon di jawab ya bang,"['bang', 'mo', 'nanyaini', 'murid', 'sudah', 'login', 'masuk', 'di', 'beranda', 'dan', 'di', 'suruh', 'gurunya', 'nyari', 'clas', 'notebook', 'tpi', 'kok', 'ga', 'ada', 'yamohon', 'di', 'jawab', 'ya', 'bang']","['kakak', 'mau', 'nanyaini', 'murid', 'sudah', 'login', 'masuk', 'di', 'beranda', 'dan', 'di', 'suruh', 'gurunya', 'mencari', 'clas', 'notebook', 'tapi', 'kok', 'tidak', 'ada', 'yamohon', 'di', 'jawab', 'ya', 'kakak']","['kakak', 'nanyaini', 'murid', 'login', 'masuk', 'beranda', 'suruh', 'gurunya', 'mencari', 'clas', 'notebook', 'yamohon', 'kakak']"
91,"Bang mo nanya,ini murid sudah login  n masuk di beranda dan di suruh gurunya nyari clas notebook tpi kok ga ada ya,,mohon di jawab ya bang","bang mo nanya,ini murid sudah login  n masuk di beranda dan di suruh gurunya nyari clas notebook tpi kok ga ada ya,,mohon di jawab ya bang",bang mo nanyaini murid sudah login  masuk di beranda dan di suruh gurunya nyari clas notebook tpi kok ga ada yamohon di jawab ya bang,"['bang', 'mo', 'nanyaini', 'murid', 'sudah', 'login', 'masuk', 'di', 'beranda', 'dan', 'di', 'suruh', 'gurunya', 'nyari', 'clas', 'notebook', 'tpi', 'kok', 'ga', 'ada', 'yamohon', 'di', 'jawab', 'ya', 'bang']","['kakak', 'mau', 'nanyaini', 'murid', 'sudah', 'login', 'masuk', 'di', 'beranda', 'dan', 'di', 'suruh', 'gurunya', 'mencari', 'clas', 'notebook', 'tapi', 'kok', 'tidak', 'ada', 'yamohon', 'di', 'jawab', 'ya', 'kakak']","['kakak', 'nanyaini', 'murid', 'login', 'masuk', 'beranda', 'suruh', 'gurunya', 'mencari', 'clas', 'notebook', 'yamohon', 'kakak']"
92,Salam sukses selalu semoga bsa bermanffat buat yg lain jg pak,salam sukses selalu semoga bsa bermanffat buat yg lain jg pak,salam sukses selalu semoga bsa bermanffat buat yg lain jg pak,"['salam', 'sukses', 'selalu', 'semoga', 'bsa', 'bermanffat', 'buat', 'yg', 'lain', 'jg', 'pak']","['salam', 'sukses', 'selalu', 'semoga', 'bisa', 'bermanfaat', 'buat', 'yang', 'lain', 'juga', 'pak']","['salam', 'sukses', 'semoga', 'bermanfaat']"
93,"Terima kasih, sangat membantu dan bermanfaat","terima kasih, sangat membantu dan bermanfaat",terima kasih sangat membantu dan bermanfaat,"['terima', 'kasih', 'sangat', 'membantu', 'dan', 'bermanfaat']","['terima', 'kasih', 'sangat', 'membantu', 'dan', 'bermanfaat']","['terima', 'kasih', 'membantu', 'bermanfaat']"
94,sayang...blm selese dah keburu berhenti...jd penasaran...ujungnya gimana nih tampilannya?,sayang...blm selese dah keburu berhenti...jd penasaran...ujungnya gimana nih tampilannya?,sayangblm selese dah keburu berhentijd penasaranujungnya gimana nih tampilannya,"['sayangblm', 'selese', 'dah', 'keburu', 'berhentijd', 'penasaranujungnya', 'gimana', 'nih', 'tampilannya']","['sayangblm', 'selesai', 'sudah', 'terburu', 'berhentijd', 'penasaranujungnya', 'bagaimana', 'nih', 'tampilannya']","['sayangblm', 'selesai', 'terburu', 'berhentijd', 'penasaranujungnya', 'tampilannya']"
95,Ini keren banget..trims ilmunya ğŸ‘,ini keren banget..trims ilmunya ğŸ‘,ini keren bangettrims ilmunya,"['ini', 'keren', 'bangettrims', 'ilmunya']","['ini', 'keren', 'bangettrims', 'ilmunya']","['keren', 'bangettrims', 'ilmunya']"
96,siip,siip,siip,['siip'],['sip'],['sip']
97,Terima kasih Bu,terima kasih bu,terima kasih bu,"['terima', 'kasih', 'bu']","['terima', 'kasih', 'bu']","['terima', 'kasih', 'bu']"
98,Mantap. makasih materinya,mantap. makasih materinya,mantap makasih materinya,"['mantap', 'makasih', 'materinya']","['mantap', 'terimakasih', 'materinya']","['mantap', 'terimakasih', 'materinya']"
99,mantab bu,mantab bu,mantab bu,"['mantab', 'bu']","['mantab', 'bu']","['mantab', 'bu']"
100,Terima kasih Bu ğŸ™,terima kasih bu ğŸ™,terima kasih bu,"['terima', 'kasih', 'bu']","['terima', 'kasih', 'bu']","['terima', 'kasih', 'bu']"
101,"Trims ilmunya,smga sukses n sehat selalu","trims ilmunya,smga sukses n sehat selalu",trims ilmunyasmga sukses  sehat selalu,"['trims', 'ilmunyasmga', 'sukses', 'sehat', 'selalu']","['terimakasih', 'ilmunyasmga', 'sukses', 'sehat', 'selalu']","['terimakasih', 'ilmunyasmga', 'sukses', 'sehat']"
102,kok diakhir seperti terputus ya,kok diakhir seperti terputus ya,kok diakhir seperti terputus ya,"['kok', 'diakhir', 'seperti', 'terputus', 'ya']","['kok', 'diakhir', 'seperti', 'terputus', 'ya']","['diakhir', 'terputus']"
103,"ilmu baru nih, appreciate it! good","ilmu baru nih, appreciate it! good",ilmu baru nih appreciate it good,"['ilmu', 'baru', 'nih', 'appreciate', 'it', 'good']","['ilmu', 'baru', 'nih', 'appreciate', 'it', 'good']","['ilmu', 'appreciate', 'it', 'good']"
104,Sangat membantu dan pembelajaran jd menyenangkan,sangat membantu dan pembelajaran jd menyenangkan,sangat membantu dan pembelajaran jd menyenangkan,"['sangat', 'membantu', 'dan', 'pembelajaran', 'jd', 'menyenangkan']","['sangat', 'membantu', 'dan', 'pembelajaran', 'jadi', 'menyenangkan']","['membantu', 'pembelajaran', 'menyenangkan']"
105,bermanfaat...,bermanfaat...,bermanfaat,['bermanfaat'],['bermanfaat'],['bermanfaat']
106,Tutorial yang saya cari ini..terimakasih bunda sangat bermanfaat...,tutorial yang saya cari ini..terimakasih bunda sangat bermanfaat...,tutorial yang saya cari initerimakasih bunda sangat bermanfaat,"['tutorial', 'yang', 'saya', 'cari', 'initerimakasih', 'bunda', 'sangat', 'bermanfaat']","['tutorial', 'yang', 'saya', 'cari', 'initerimakasih', 'bunda', 'sangat', 'bermanfaat']","['tutorial', 'cari', 'initerimakasih', 'bunda', 'bermanfaat']"
107,Terimakasih tutorialnya ğŸ™,terimakasih tutorialnya ğŸ™,terimakasih tutorialnya,"['terimakasih', 'tutorialnya']","['terimakasih', 'tutorialnya']","['terimakasih', 'tutorialnya']"
108,"Siap belajar bu, terima kasih. Udah mampir ke channel rolla ğŸ˜Š","siap belajar bu, terima kasih. udah mampir ke channel rolla ğŸ˜Š",siap belajar bu terima kasih udah mampir ke channel rolla,"['siap', 'belajar', 'bu', 'terima', 'kasih', 'udah', 'mampir', 'ke', 'channel', 'rolla']","['siap', 'belajar', 'bu', 'terima', 'kasih', 'sudah', 'mampir', 'ke', 'channel', 'rolla']","['belajar', 'bu', 'terima', 'kasih', 'mampir', 'channel', 'rolla']"
109,BERMANFAAT,bermanfaat,bermanfaat,['bermanfaat'],['bermanfaat'],['bermanfaat']
110,trims ilmunya,trims ilmunya,trims ilmunya,"['trims', 'ilmunya']","['terimakasih', 'ilmunya']","['terimakasih', 'ilmunya']"
111,Kok di calendar saya engga ada icon tanda panah kebawah itu ya? engga ada pilihan live event nya.,kok di calendar saya engga ada icon tanda panah kebawah itu ya? engga ada pilihan live event nya.,kok di calendar saya engga ada icon tanda panah kebawah itu ya engga ada pilihan live event nya,"['kok', 'di', 'calendar', 'saya', 'engga', 'ada', 'icon', 'tanda', 'panah', 'kebawah', 'itu', 'ya', 'engga', 'ada', 'pilihan', 'live', 'event', 'nya']","['kok', 'di', 'calendar', 'saya', 'tidak', 'ada', 'icon', 'tanda', 'panah', 'kebawah', 'itu', 'ya', 'tidak', 'ada', 'pilihan', 'live', 'event', 'nya']","['calendar', 'icon', 'tanda', 'panah', 'kebawah', 'pilihan', 'live', 'event']"
112,Thanks mas,thanks mas,thanks mas,"['thanks', 'mas']","['terimakasih', 'kakak']","['terimakasih', 'kakak']"
113,Mantap,mantap,mantap,['mantap'],['mantap'],['mantap']
114,mantap ilmunya... terima kasih,mantap ilmunya... terima kasih,mantap ilmunya terima kasih,"['mantap', 'ilmunya', 'terima', 'kasih']","['mantap', 'ilmunya', 'terima', 'kasih']","['mantap', 'ilmunya', 'terima', 'kasih']"
115,Download apk sway nya gimana ka?,download apk sway nya gimana ka?,download apk sway nya gimana ka,"['download', 'apk', 'sway', 'nya', 'gimana', 'ka']","['download', 'aplikasi', 'sway', 'nya', 'bagaimana', 'kakak']","['download', 'aplikasi', 'sway', 'kakak']"
116,"Hi Kak Nissa, untuk Sway saat ini tidak tersedia .apknya, karena aplikasi ini berbasis web. terima kasih","hi kak nissa, untuk sway saat ini tidak tersedia .apknya, karena aplikasi ini berbasis web. terima kasih",hi kak nissa untuk sway saat ini tidak tersedia apknya karena aplikasi ini berbasis web terima kasih,"['hi', 'kak', 'nissa', 'untuk', 'sway', 'saat', 'ini', 'tidak', 'tersedia', 'apknya', 'karena', 'aplikasi', 'ini', 'berbasis', 'web', 'terima', 'kasih']","['hi', 'kakak', 'nissa', 'untuk', 'sway', 'saat', 'ini', 'tidak', 'tersedia', 'apknya', 'karena', 'aplikasi', 'ini', 'berbasis', 'web', 'terima', 'kasih']","['hi', 'kakak', 'nissa', 'sway', 'tersedia', 'apknya', 'aplikasi', 'berbasis', 'web', 'terima', 'kasih']"
117,"Jazakallah khairan ilmunya,,","jazakallah khairan ilmunya,,",jazakallah khairan ilmunya,"['jazakallah', 'khairan', 'ilmunya']","['jazakallah', 'khairan', 'ilmunya']","['jazakallah', 'khairan', 'ilmunya']"
118,nama aplikasi ny apa,nama aplikasi ny apa,nama aplikasi ny apa,"['nama', 'aplikasi', 'ny', 'apa']","['nama', 'aplikasi', 'ny', 'apa']","['nama', 'aplikasi']"
119,Sway kak,sway kak,sway kak,"['sway', 'kak']","['sway', 'kakak']","['sway', 'kakak']"
120,Makasih,makasih,makasih,['makasih'],['terimakasih'],['terimakasih']
121,Kak... Boleh minta cp nya... Sekolah saya berniat untuk membuat majalah digital,kak... boleh minta cp nya... sekolah saya berniat untuk membuat majalah digital,kak boleh minta cp nya sekolah saya berniat untuk membuat majalah digital,"['kak', 'boleh', 'minta', 'cp', 'nya', 'sekolah', 'saya', 'berniat', 'untuk', 'membuat', 'majalah', 'digital']","['kakak', 'boleh', 'minta', 'cp', 'nya', 'sekolah', 'saya', 'berniat', 'untuk', 'membuat', 'majalah', 'digital']","['kakak', 'cp', 'sekolah', 'berniat', 'majalah', 'digital']"
122,Itu donwload apa ya?,itu donwload apa ya?,itu donwload apa ya,"['itu', 'donwload', 'apa', 'ya']","['itu', 'download', 'apa', 'ya']",['download']
123,"Yaampun udah 6 tahun ngeyoutube, masih aja sepi","yaampun udah 6 tahun ngeyoutube, masih aja sepi",yaampun udah tahun ngeyoutube masih aja sepi,"['yaampun', 'udah', 'tahun', 'ngeyoutube', 'masih', 'aja', 'sepi']","['yaampun', 'sudah', 'tahun', 'ngeyoutube', 'masih', 'aja', 'sepi']","['yaampun', 'ngeyoutube', 'sepi']"
124,"Yaampun udah 6 tahun ngeyoutube, masih aja srpi","yaampun udah 6 tahun ngeyoutube, masih aja srpi",yaampun udah tahun ngeyoutube masih aja srpi,"['yaampun', 'udah', 'tahun', 'ngeyoutube', 'masih', 'aja', 'srpi']","['yaampun', 'sudah', 'tahun', 'ngeyoutube', 'masih', 'aja', 'sepi']","['yaampun', 'ngeyoutube', 'sepi']"
125,"HADIR @Anda Sukanda, S.Pd. SMP Negeri 2 Jatiwangi Kabupaten Majalengka Jawa Barat","hadir @anda sukanda, s.pd. smp negeri 2 jatiwangi kabupaten majalengka jawa barat",hadir sukanda spd smp negeri jatiwangi kabupaten majalengka jawa barat,"['hadir', 'sukanda', 'spd', 'smp', 'negeri', 'jatiwangi', 'kabupaten', 'majalengka', 'jawa', 'barat']","['hadir', 'sukanda', 'spd', 'sampai', 'negeri', 'jatiwangi', 'kabupaten', 'majalengka', 'jawa', 'barat']","['hadir', 'sukanda', 'spd', 'negeri', 'jatiwangi', 'kabupaten', 'majalengka', 'jawa', 'barat']"
126,Hallo,hallo,hallo,['hallo'],['hallo'],['hallo']
127,ingin tau lebih mendalam,ingin tau lebih mendalam,ingin tau lebih mendalam,"['ingin', 'tau', 'lebih', 'mendalam']","['ingin', 'tau', 'lebih', 'mendalam']",['mendalam']
128,Aku Bangga Dengan Minecraft :),aku bangga dengan minecraft :),aku bangga dengan minecraft,"['aku', 'bangga', 'dengan', 'minecraft']","['aku', 'bangga', 'dengan', 'minecraft']","['bangga', 'minecraft']"
129,Mod nya mana kak,mod nya mana kak,mod nya mana kak,"['mod', 'nya', 'mana', 'kak']","['mod', 'nya', 'mana', 'kakak']","['mod', 'kakak']"
130,Minecraft hmmm creative &amp; inovatif,minecraft hmmm creative &amp; inovatif,minecraft hmmm creative amp inovatif,"['minecraft', 'hmmm', 'creative', 'amp', 'inovatif']","['minecraft', 'hmmm', 'creative', 'amp', 'inovatif']","['minecraft', 'hmmm', 'creative', 'inovatif']"
131,"Cara memilih level bagaimana ya kak? soalnya saya pada tahap itu close, kemudian ketika akan melanjutkan aktivasi, sudah tidak ada jendela pilihan level.","cara memilih level bagaimana ya kak? soalnya saya pada tahap itu close, kemudian ketika akan melanjutkan aktivasi, sudah tidak ada jendela pilihan level.",cara memilih level bagaimana ya kak soalnya saya pada tahap itu close kemudian ketika akan melanjutkan aktivasi sudah tidak ada jendela pilihan level,"['cara', 'memilih', 'level', 'bagaimana', 'ya', 'kak', 'soalnya', 'saya', 'pada', 'tahap', 'itu', 'close', 'kemudian', 'ketika', 'akan', 'melanjutkan', 'aktivasi', 'sudah', 'tidak', 'ada', 'jendela', 'pilihan', 'level']","['cara', 'memilih', 'level', 'bagaimana', 'ya', 'kakak', 'soalnya', 'saya', 'pada', 'tahap', 'itu', 'close', 'kemudian', 'ketika', 'akan', 'melanjutkan', 'aktivasi', 'sudah', 'tidak', 'ada', 'jendela', 'pilihan', 'level']","['memilih', 'level', 'kakak', 'tahap', 'close', 'melanjutkan', 'aktivasi', 'jendela', 'pilihan', 'level']"
132,Kalau enggak bisa dapat kode di HP gimana ya ka ?,kalau enggak bisa dapat kode di hp gimana ya ka ?,kalau enggak bisa dapat kode di hp gimana ya ka,"['kalau', 'enggak', 'bisa', 'dapat', 'kode', 'di', 'hp', 'gimana', 'ya', 'ka']","['kalau', 'tidak', 'bisa', 'dapat', 'kode', 'di', 'hp', 'bagaimana', 'ya', 'kakak']","['kode', 'hp', 'kakak']"
133,Ijin pakai videonya untuk pembelajaran di kelas,ijin pakai videonya untuk pembelajaran di kelas,ijin pakai videonya untuk pembelajaran di kelas,"['ijin', 'pakai', 'videonya', 'untuk', 'pembelajaran', 'di', 'kelas']","['izin', 'pakai', 'videonya', 'untuk', 'pembelajaran', 'di', 'kelas']","['izin', 'pakai', 'videonya', 'pembelajaran', 'kelas']"
134,apakah ada video sesi lanjutannya ya kak?,apakah ada video sesi lanjutannya ya kak?,apakah ada video sesi lanjutannya ya kak,"['apakah', 'ada', 'video', 'sesi', 'lanjutannya', 'ya', 'kak']","['apakah', 'ada', 'video', 'sesi', 'lanjutannya', 'ya', 'kakak']","['video', 'sesi', 'lanjutannya', 'kakak']"
135,Bermanfaat banget ğŸ‘ğŸ‘ğŸ‘ğŸ˜ğŸ§,bermanfaat banget ğŸ‘ğŸ‘ğŸ‘ğŸ˜ğŸ§,bermanfaat banget,"['bermanfaat', 'banget']","['bermanfaat', 'banget']","['bermanfaat', 'banget']"
136,Weh sangat membantu,weh sangat membantu,weh sangat membantu,"['weh', 'sangat', 'membantu']","['weh', 'sangat', 'membantu']","['weh', 'membantu']"
137,multcloud saya pakai akun ugm kok cuma bisa 5gb ya?,multcloud saya pakai akun ugm kok cuma bisa 5gb ya?,multcloud saya pakai akun ugm kok cuma bisa gb ya,"['multcloud', 'saya', 'pakai', 'akun', 'ugm', 'kok', 'cuma', 'bisa', 'gb', 'ya']","['multcloud', 'saya', 'pakai', 'akun', 'ugm', 'kok', 'cuma', 'bisa', 'gb', 'ya']","['multcloud', 'pakai', 'akun', 'ugm', 'gb']"
138,"Hi Kak Jihan, mungkin dapat menghubungi langsung bagian DSSDI UGM, sependek yang kami tahu semua akun Office 365 di tenant mana pun memiliki kapasitas default 1 TB. terima kasih","hi kak jihan, mungkin dapat menghubungi langsung bagian dssdi ugm, sependek yang kami tahu semua akun office 365 di tenant mana pun memiliki kapasitas default 1 tb. terima kasih",hi kak jihan mungkin dapat menghubungi langsung bagian dssdi ugm sependek yang kami tahu semua akun office di tenant mana pun memiliki kapasitas default tb terima kasih,"['hi', 'kak', 'jihan', 'mungkin', 'dapat', 'menghubungi', 'langsung', 'bagian', 'dssdi', 'ugm', 'sependek', 'yang', 'kami', 'tahu', 'semua', 'akun', 'office', 'di', 'tenant', 'mana', 'pun', 'memiliki', 'kapasitas', 'default', 'tb', 'terima', 'kasih']","['hi', 'kakak', 'jihan', 'mungkin', 'dapat', 'menghubungi', 'langsung', 'bagian', 'dssdi', 'ugm', 'sependek', 'yang', 'kami', 'tahu', 'semua', 'akun', 'office', 'di', 'tenant', 'mana', 'pun', 'memiliki', 'kapasitas', 'default', 'tibatiba', 'terima', 'kasih']","['hi', 'kakak', 'jihan', 'menghubungi', 'langsung', 'dssdi', 'ugm', 'sependek', 'akun', 'office', 'tenant', 'memiliki', 'kapasitas', 'default', 'tibatiba', 'terima', 'kasih']"
139,Mantap sangat meng edukasi,mantap sangat meng edukasi,mantap sangat meng edukasi,"['mantap', 'sangat', 'meng', 'edukasi']","['mantap', 'sangat', 'meng', 'edukasi']","['mantap', 'meng', 'edukasi']"
140,"Bang, siapa yang bisa mute unmute di ms team? Apakah hanya host yang bisa melakukan?","bang, siapa yang bisa mute unmute di ms team? apakah hanya host yang bisa melakukan?",bang siapa yang bisa mute unmute di ms team apakah hanya host yang bisa melakukan,"['bang', 'siapa', 'yang', 'bisa', 'mute', 'unmute', 'di', 'ms', 'team', 'apakah', 'hanya', 'host', 'yang', 'bisa', 'melakukan']","['kakak', 'siapa', 'yang', 'bisa', 'mute', 'unmute', 'di', 'ms', 'team', 'apakah', 'hanya', 'host', 'yang', 'bisa', 'melakukan']","['kakak', 'mute', 'unmute', 'ms', 'team', 'host']"
141,"Bang, kami sering meeting MT tetapi kadang tiba2 termute dan ketendang sendiri dari meeting itu kendalanya apa ya","bang, kami sering meeting mt tetapi kadang tiba2 termute dan ketendang sendiri dari meeting itu kendalanya apa ya",bang kami sering meeting mt tetapi kadang tiba termute dan ketendang sendiri dari meeting itu kendalanya apa ya,"['bang', 'kami', 'sering', 'meeting', 'mt', 'tetapi', 'kadang', 'tiba', 'termute', 'dan', 'ketendang', 'sendiri', 'dari', 'meeting', 'itu', 'kendalanya', 'apa', 'ya']","['kakak', 'kami', 'sering', 'meeting', 'mt', 'tetapi', 'kadang', 'tiba', 'termute', 'dan', 'ketendang', 'sendiri', 'dari', 'meeting', 'itu', 'kendalanya', 'apa', 'ya']","['kakak', 'meeting', 'mt', 'kadang', 'termute', 'ketendang', 'meeting', 'kendalanya']"
142,Untuk nama lengkap pembicarfanya siapa ya?,untuk nama lengkap pembicarfanya siapa ya?,untuk nama lengkap pembicarfanya siapa ya,"['untuk', 'nama', 'lengkap', 'pembicarfanya', 'siapa', 'ya']","['untuk', 'nama', 'lengkap', 'pembicaranya', 'siapa', 'ya']","['nama', 'lengkap', 'pembicaranya']"
143,Alhamdulillah bisa mengikuti materi bagus ini,alhamdulillah bisa mengikuti materi bagus ini,alhamdulillah bisa mengikuti materi bagus ini,"['alhamdulillah', 'bisa', 'mengikuti', 'materi', 'bagus', 'ini']","['alhamdulillah', 'bisa', 'mengikuti', 'materi', 'bagus', 'ini']","['alhamdulillah', 'mengikuti', 'materi', 'bagus']"
144,Matur nuwun,matur nuwun,matur nuwun,"['matur', 'nuwun']","['matur', 'terimakasih']","['matur', 'terimakasih']"
145,"Menyimak, kemarin ketinggalan...","menyimak, kemarin ketinggalan...",menyimak kemarin ketinggalan,"['menyimak', 'kemarin', 'ketinggalan']","['menyimak', 'kemarin', 'ketinggalan']","['menyimak', 'kemarin', 'ketinggalan']"
146,Menyimak ..,menyimak ..,menyimak,['menyimak'],['menyimak'],['menyimak']
147,Luar biasa !!,luar biasa !!,luar biasa,"['luar', 'biasa']","['luar', 'biasa']",[]
148,Terimakasih,terimakasih,terimakasih,['terimakasih'],['terimakasih'],['terimakasih']
149,password yg dimasukin apa gan?,password yg dimasukin apa gan?,password yg dimasukin apa gan,"['password', 'yg', 'dimasukin', 'apa', 'gan']","['password', 'yang', 'dimasukin', 'apa', 'gan']","['password', 'dimasukin', 'gan']"
