,Steming
0,terimakasih
1,nyimpan gamenya gimana
2,save world
3,bagus
4,subscribe boss terimakasih
5,musik nama
6,izin share terima kasih
7,tambah ilmuterimakasihbarakallah
8,keren ilmu terimakasih sudan tambah imu
9,mantap ilmu bermanpaat terimakasih
10,terimakasih
11,mendeley pilih type of sourcenya mohon bantu terimakasih
12,bingung sendiribrpivot powerbrpivot tabelbrgrafik
13,aplikasi database
14,kakak saran ms word gabisa masukin akun gabisa saran gaptek iya
15,kakak template ambil google
16,guna banget orang laptop dukung download ps corel
17,
18,senang
19,kakak pakai data searching word searching
20,
21,rasa video tonton bambankk harga karya
22,gambar poster makan khas coba contohin pliss
23,makan khas
24,gambar dokumen klik kanan pilih change picture masuk gambar makan
25,cetak print bro
26,langsung cetak pdf
27,tutorial manfaat
28,trima ksih sahabat
29,kakak playstore instal
30,playstore dukung kakak
31,publihsher
32,willows has great alam with good idea and think that is great thing
33,publisher
34,microsoft publisher
35,publisher kakak
36,bantu guru fisika sman melaya jembranabali ajar onenote trimssemoga sehat bu rima mohon bagi
37,beli lisensi offline mana
38,izin reupload min
39,monggo kakak haris
40,kakak aplikasi kolase diandroid
41,halo verifikasi pindah bapakibusiswa klaim kredit azure pengajarsiswa
42,selamat pagi butapi aplikasi khan bayar bulan jalan online brpertanyaan aplikasi jalan offline gratis permanen brterima kasih info bu
43,ajar darurat covid jempol
44,user ubah free user
45,hi sahabar ajar ikut pandu href
46,terimakasih bemanfaat tutorial aetting dns gagal situ
47,hi pika movie ikut pandu href
48,cepat pimpin suara tutorial baca text cepat
49,heloo kakak approvel ms form hasil masalahsaya sistem approvel ms flow terima email kirim mengguankan email email ms form ganti email kirim sesuai email submiter submit ms form terimakasih
50,keren share file praktik
51,latih kasih sample excel data bangun visualisanya
52,kakak maribelajar nama instagramnya
53,hallo kakak bingung price power biitu user yahbrbrkalo kasus pasang usaha mana siapin data orang database dashboard user public beli user user lihat dashboard beli jugabrbrmakasih
54,kakak kolom excel data sales vs target persentase grafik power bi
55,terima kasih cerah sukses kakak
56,simpel terimakasih
57,mohon info ajar online via zoom gmeet
58,elah tunggu ajar tampil zzzzz
59,databasenya google spreadsheet
60,kakak wilayah kabupatenkota
61,good explanation terimakasih
62,kakak datasetnya praktek
63,terimakasih tutorial gan bantu magang suskes tutorial manfaat
64,cek channel kakak
65,matul boss terimakasih
66,lanjut pimpin tutorial power bi terimakasih
67,power bi running on macbook
68,versi web versi desktop windows macbook install windows
69,kakak mengimport file latitude longitude excel titik hilang pbi
70,mantab terima kasih kakak sukses
71,enak banget ngejelasinnya
72,windows edukasi nyaman pakai aktivitas kantor beda windows win edukasi
73,install printernya rumit
74,game online dukung kakak windows education
75,ajar bro
76,nama education windowsnya khusus sekolah
77,manfaat banget terimakasih kakaaa
78,video manual book lengkap massaya serius minat dalam power bi
79,mohon maaf kakak sedia kakak ajar taut href
80,siswa curang tahu
81,paksudah buka kunci softwarenya beli
82,hi edukasi sejarah kuis new quiz new form
83,ms install
84,akses langsung online href
85,koq microsoft formnya muncul beli softwarenya
86,terimakasih kakak jelas guru
87,tele tele kakak
88,suara kresek kresek ganggu
89,hapus tugas tulis diclass notebook teams
90,kakak nanyaini murid login masuk beranda suruh guru cari clas notebook yamohon kakak
91,kakak nanyaini murid login masuk beranda suruh guru cari clas notebook yamohon kakak
92,salam sukses moga manfaat
93,terima kasih bantu manfaat
94,sayangblm selesai buru berhentijd penasaranujungnya tampil
95,keren bangettrims ilmu
96,sip
97,terima kasih bu
98,mantap terimakasih materi
99,mantab bu
100,terima kasih bu
101,terimakasih ilmunyasmga sukses sehat
102,akhir putus
103,ilmu appreciate it good
104,bantu ajar senang
105,manfaat
106,tutorial cari initerimakasih bunda manfaat
107,terimakasih tutorial
108,ajar bu terima kasih mampir channel rolla
109,manfaat
110,terimakasih ilmu
111,calendar icon tanda panah bawah pilih live event
112,terimakasih kakak
113,mantap
114,mantap ilmu terima kasih
115,download aplikasi sway kakak
116,hi kakak nissa sway sedia apknya aplikasi bas web terima kasih
117,jazakallah khair ilmu
118,nama aplikasi
119,sway kakak
120,terimakasih
121,kakak cp sekolah niat majalah digital
122,download
123,yaampun ngeyoutube sepi
124,yaampun ngeyoutube sepi
125,hadir sukanda spd negeri jatiwangi kabupaten majalengka jawa barat
126,hallo
127,dalam
128,bangga minecraft
129,mod kakak
130,minecraft hmmm creative inovatif
131,pilih level kakak tahap close lanjut aktivasi jendela pilih level
132,kode hp kakak
133,izin pakai video ajar kelas
134,video sesi lanjut kakak
135,manfaat banget
136,weh bantu
137,multcloud pakai akun ugm gb
138,hi kakak jih hubung langsung dssdi ugm pendek akun office tenant milik kapasitas default tibatiba terima kasih
139,mantap meng edukasi
140,kakak mute unmute ms team host
141,kakak meeting mt kadang mute tendang meeting kendala
142,nama lengkap bicara
143,alhamdulillah ikut materi bagus
144,matur terimakasih
145,simak kemarin tinggal
146,simak
147,
148,terimakasih
149,password dimasukin gan
